"Libellé de la culture ","Code de la culture ","Informations complémentaires à déclarer ","Catégorie de surface agricole ",
"Mauve ","MAV ","Déclaration de la variété implantée (cf. paragraphe 2.16) ","TA ",
"Mélisse ","MLI ","","TA ",
"Menthe ","MTH ","","TA ",
"Millepertuis ","MLP ","","TA ",
"Oseille ","OSE ","","TA ",
"Pâquerette ","PAQ ","","TA ",
"Pensée ","PSE ","","TA ",
"Persil ","PSL ","","TA ",
"Plantain psyllium ","PSY ","","TA ",
"Primevère ","PMV ","","TA ",
"Psyllium noir de Provence ","PSN ","","TA ",
"Romarin ","ROM ","","TA ",
"Sariette ","SRI ","","TA ",
"Sauge ","SGE ","","TA ",
"Thym ","THY ","","TA ",
"Valériane ","VAL ","","TA ",
"Véronique ","VER ","","TA ",
"Autre PPAM annuelle ","PPA ","","TA ",
"Autre PPAM pérenne * ","PPP ","","CP ",
