"Libellé de la culture ","Code de la culture ","Informations complémentaires à déclarer ","Catégorie de surface agricole ",
"Aneth ","ANE ","","TA ",
"Angélique ","ANG ","","TA ",
"Anis ","ANI ","","TA ",
"Bardane ","BAR ","","TA ",
"Basilic ","BAS ","","TA ",
"Bleuet ","BLT ","","TA ",
"Bugle rampant ","BUR ","","TA ",
"Camomille ","CMM ","","TA ",
"Carvi ","CAV ","","TA ",
"Cerfeuil ","CRF ","","TA ",
"Chardon Marie ","CHR ","","TA ",
"Ciboulette ","CIB ","","TA ",
"Coriandre ","CRD ","","TA ",
"Cumin ","CUM ","","TA ",
"Estragon ","EST ","","TA ",
"Fenouil ","FNO ","","TA ",
"Gaillet ","GAI ","","TA ",
"Lavande /Lavandin ","LAV ","","CP ",
"Marguerite ","MRG ","","TA ",
"Marjolaine / Origan ","MRJ ","","TA ",
