"Libellé de la culture ","Code de la culture ","Informations complémentaires à déclarer ","Catégorie de surface agricole ",
"Autre céréale de printemps de genre Secale ","CPS ","","TA ",
"Autre céréale de printemps de genre Triticum ","CPT ","","TA ",
"Autre céréale de printemps de genre Zea ","CPZ ","","TA ",
"Autre céréale de genre Phalaris ","CGH ","","TA ",
"Autre céréale de genre Panicum ","CGP ","","TA ",
"Autre céréale de genre Sorghum ","CGO ","","TA ",
"Autre céréale de genre Setaria ","CGS ","","TA ",
