"Libellé de la culture ","Code de la culture ","Informations complémentaires à déclarer ","Catégorie de surface agricole ",
"Sainfoin implanté pour la récolte 2015 ","SA5 ","","TA ",
"Sainfoin implanté pour la récolte 2016 ","SA6 ","","TA ",
"Autre sainfoin ","SAI ","","TA ",
"Serradelle implantée pour la récolte 2015 ","SE5 ","","TA ",
"Serradelle implantée pour la récolte 2016 ","SE6 ","","TA ",
"Autre serradelle ","SER ","","TA ",
"Trèfle implanté pour la récolte 2015 ","TR5 ","","TA ",
"Trèfle implanté pour la récolte 2016 ","TR6 ","","TA ",
"Autre trèfle ","TRE ","","TA ",
"Vesce implantée pour la récolte 2015 ","VE5 ","","TA ",
"Vesce implantée pour la récolte 2016 ","VE6 ","","TA ",
"Autre vesce ","VES ","","TA ",
"LÉGUMINEUSES FOURRAGÈRES EN MÉLANGE ","","","",
"Mélange de légumineuses fourragères * implantées pour la récolte 2015 (entre elles) ","ML5 ","","TA ",
"Mélange de légumineuses fourragères * implantées pour la récolte 2016 (entre elles) ","ML6 ","","TA ",
"Mélange de légumineuses fourragères * prépondérantes au semis implantées pour la récolte 2015 et de céréales ","MC5 ","","TA TA ",
"Mélange de légumineuses fourragères * prépondérantes au semis implantées pour la récolte 2016 et de céréales ","MC6 ","Déclaration du type de mélange sur votre exploitation (cf. paragraphe 2.1) ","TA ",
"Mélange de légumineuses fourragères * prépondérantes au semis implantées pour la récolte 2015 et d'herbacées ou de graminées fourragères ","MH5 ","","TA ",
"Mélange de légumineuses fourragères * prépondérantes au semis implantées pour la récolte 2016 et d'herbacées ou de graminées fourragères ","MH6 ","","TA ",
