"","Libellé de la culture ","Code de la culture ","Informations complémentaires à déclarer ","Catégorie de surface agricole ",
"","Soja ","SOJ ","","TA ",
"","Tournesol ","TRN ","","TA ",
"","Autre oléagineux d'hiver d'espèce Brassica napus ","OHN ","","TA ",
"","Autre oléagineux d'hiver d'espèce Brassica rapa ","OHR ","","TA ",
"","Autre oléagineux de printemps d'espèce Brassica napus ","OPN ","","TA ",
"","Autre oléagineux de printemps l'espèce Brassica rapa ","OPR ","","TA ",
"","Autre oléagineux d'espèce Helianthus ","OEH ","","TA ",
"","Autre oléagineux d'un autre genre * ","OAG ","","TA ",
"","OLÉAGINEUX EN MÉLANGE ","","","",
"","Mélange d'oléagineux ","MOL ","Déclaration du type de mélange sur votre exploi- tation (cf. paragraphe 2.1) ","TA ",
