"Libellé de la culture ","Code de la culture ","Informations complémentaires à déclarer ","Catégorie de surface agricole ","Libellé de la culture ","Code de la culture ","Informations complémentaires à déclarer ","Catégorie de surface agricole ",
"Prairie en rotation longue (6 ans ou plus) ","PRL ","","PP ","Bois pâturé ","BOP ","","PP ",
"Prairie permanente herbe prédominante (ressources fourragères ligneuses absentes ou peu présentes) ","PPH ","La part des éléments non admissibles à prendre en compte pour le calcul de la densité ","PP ","Châtaigneraie entretenue par des porcins ou des petits ruminants (Corse et Petite région des causses cévenols et méridionaux) ","CAE ","La part des éléments non admissibles à prendre en compte pour le calcul de la densité ","PP ",
"Surface pastorale ressources fourragères ligneuses prédominantes ","SPL ","n'est pas renseignée au niveau de la parcelle, mais au niveau de la ZDH de densité ","PP ","Chênaie entretenue par des porcins ou des petits ruminants (Corse et Petite région des causses cévenols et méridionaux) ","CEE ","n'est pas renseignée au niveau de la parcelle, mais au niveau de la ZDH de densité ","PP ",
"Surface pastorale herbe prédominante et ressources fourragères ligneuses présentes ","SPH ","(zone homogène) ","PP ","Roselière ","ROS ","(zone homogène) ","PP ",
