"Libellé de la culture ","Code de la culture ","Informations complémentaires à déclarer ","Catégorie de surface agricole ",
"Orge de printemps ","ORP ","","TA ",
"Riz ","RIZ ","","TA ",
"Sarrasin ","SRS ","","TA ",
"Seigle d'hiver ","SGH ","","TA ",
"Seigle de printemps ","SGP ","","TA ",
"Sorgho ","SOG ","","TA ",
"Triticale d'hiver ","TTH ","","TA ",
"Triticale de printemps ","TTP ","","TA ",
"Autre céréale d'hiver de genre Avena ","CHA ","","TA ",
"Autre céréale d'hiver de genre Hordeum ","CHH ","","TA ",
"Autre céréale d'hiver de genre Secale ","CHS ","","TA ",
"Autre céréale d'hiver de genre Triticum ","CHT ","","TA ",
"Autre céréale de printemps de genre Avena ","CPA ","","TA ",
"Autre céréale de printemps de genre Hordeum ","CPH ","","TA ",
