"Libellé de la culture ","Code de la culture ","Informations complémentaires à déclarer ","Catégorie de surface agricole ",
"Avoine d'hiver ","AVH ","","TA ",
"Avoine de printemps ","AVP ","","TA ",
"Blé dur d'hiver ","BDH ","","TA ",
"Blé dur de printemps ","BDP ","","TA ",
"Blé tendre d'hiver ","BTH ","Déclaration de ","TA ",
"Blé tendre de printemps ","BTP ","la variété implantée (cf. paragraphe 2.6) ","TA ",
"Épeautre ","EPE ","","TA ",
"Maïs doux ","MID ","","TA ",
"Maïs ensilage ","MIE ","","TA ",
"Maïs ","MIS ","","TA ",
"Millet ","MLT ","","TA ",
"Moha ","MOH ","","TA ",
"Orge d'hiver ","ORH ","","TA ",
"Orge de printemps ","ORP ","","TA ",
"Riz ","RIZ ","","TA ",
