"Libellé de la culture ","Code de la culture ","Informations complémentaires à déclarer ","Catégorie de surface agricole ",
"Agrume ","AGR ","","CP ",
"Caroube ","CAB ","","CP ",
"Cerise bigarreau pour transformation ","CBT ","","CP ",
"Châtaigne ","CTG ","Déclaration de la variété implantée (cf. paragraphe 2.9) ","CP ",
"Noisette ","NOS ","","CP ",
"Noix ","NOX ","","CP ",
"Oliveraie ","OLI ","Déclaration de la variété implantée (cf. paragraphe 2.16) ","CP ",
"Pêche Pavie pour transformation ","PVT ","","CP ",
"Pépinière ","PEP ","","CP ",
"Petit fruit rouge * ","PFR ","","CP ",
