"","Libellé de la culture ","Code de la culture ","Informations complémentaires à déclarer ","Catégorie de surface agricole ",
"","Autre plante fourragère sarclée d'un autre genre ","FSG ","","TA ",
"","Autre fourrage annuel d'un autre genre * ","FAG ","","TA ",
"","FOURRAGES EN MÉLANGE ","","","",
"","Fourrage composé de céréales et/ou de protéagineux (en proportion < 50%) et/ou de légumineuses fourragères (en proportion < 50%) ","CPL ","Déclaration du type de mélange sur votre exploi- tation (cf. paragraphe 2.1) ","TA ",
