"","Libellé de la culture ","Code de la culture ","Informations complémentaires à déclarer ","Catégorie de surface agricole ",
"","Serradelle ","SER ","","TA ",
"","Trèfle ","TRE ","","TA ",
"","Vesce ","VES ","","TA ",
"","LÉGUMINEUSES FOURRAGÈRES EN MÉLANGE ","","","",
"","Mélange de légumineuses fourragères * (entre elles) ","MLF ","Déclaration du type de mélange ","TA ",
"","Mélange de légumineuses fourragères * prépondérantes et de céréales et/ou d'oléagineux ","MLC ","sur votre exploitation (cf. paragraphe 2.1) ","TA ",
