"Libellé de la culture ","Code de la culture ","Informations complémentaires à déclarer ","Catégorie de surface agricole ",
"Autre céréale de genre Fagopyrum ","CGF ","","TA ",
"Autre céréale ou pseudo-céréale d'un autre genre* ","CAG ","","TA ",
"CÉRÉALES EN MÉLANGE ","","","",
"Mélange de céréales ou pseudo-céréales pures ou en mélange avec des protéagineux non prépondérants ","MCR ","Déclaration du type de mélange sur votre exploi- tation (cf. paragraphe 2.1) ","TA ",
