"Libellé de la culture ","Code de la culture ","Informations complémentaires à déclarer ","Catégorie de surface agricole ",
"Mélisse ","MLI ","","TA ",
"Menthe ","MTH ","","TA ",
"Millepertuis ","MLP ","","TA ",
"Oseille ","OSE ","","TA ",
"Ortie ","ORT ","","TA ",
"Pâquerette ","PAQ ","","TA ",
"Pensée ","PSE ","","TA ",
"Persil ","PSL ","","TA ",
"Plantain psyllium ","PSY ","","TA ",
"Primevère ","PMV ","","TA ",
"Psyllium noir de Provence ","PSN ","","TA ",
"Romarin ","ROM ","","TA ",
"Sariette ","SRI ","","TA ",
"Sauge ","SGE ","","TA ",
"Thym ","THY ","","TA ",
"Valériane ","VAL ","","TA ",
"Véronique ","VER ","","TA ",
"Autres plantes ornementales et PPAM annuelles ","PPA ","","TA ",
"Autres plantes ornementales et PPAM pérennes * ","PPP ","","CP ",
