"Libellé de la culture ","Code de la culture ","Informations complémentaires à déclarer ",
"Ananas ","ANA ","",
"Banane créole (fruit et légume) - autre ","BCA ","",
"Banane créole (fruit et légume) - fermage ","BCF ","",
"Banane créole (fruit et légume) - indivision ","BCI ","",
"Banane créole (fruit et légume) - propriété ou faire valoir direct ","BCP ","Déclaration ",
"Banane créole (fruit et légume) - réforme foncière ","BCR ","de la date ",
"Banane export autre ","BEA ","de plantation (mois et année) ",
"Banane export fermage ","BEF ","",
"Banane export indivision ","BEI ","",
"Banane export - propriété ou faire valoir direct ","BEP ","",
"Banane export - réforme foncière ","BER ","",
"Café / Cacao ","CAC ","",
"Canne à sucre autre ","CSA ","",
"Canne à sucre fermage ","CSF ","Déclaration ",
"Canne à sucre indivision ","CSI ","de la date de plantation ",
"Canne à sucre propriété ou faire valoir direct ","CSP ","(mois et année) ",
"Canne à sucre - réforme foncière ","CSR ","",
