"Libellé de la culture ","Code de la culture ","Informations complémentaires à déclarer ","Catégorie de surface agricole ",
"Féverole fourragère implantée pour la récolte 2016 ","FF6 ","","TA ",
"Féverole fourragère implantée pour la récolte 2017 ","FF7 ","","TA ",
"Féverole fourragère implantée pour la récolte 2018 ","FF8 ","","TA ",
"Autre féverole fourragère ","FFO ","","TA ",
"Jarosse implantée pour la récolte 2016 ","J06 ","","TA ",
"Jarosse implantée pour la récolte 2017 ","J07 ","","TA ",
"Jarosse implantée pour la récolte 2018 ","J08 ","","TA ",
"Autre jarosse ","JOS ","","TA ",
"Lupin fourrager d'hiver implanté pour la récolte 2016 ","LH6 ","","TA ",
"Lupin fourrager d'hiver implanté pour la récolte 2017 ","LH7 ","","TA ",
"Lupin fourrager d'hiver implanté pour la récolte 2018 ","LH8 ","","TA ",
"Autre lupin fourrager d'hiver ","LFH ","","TA ",
"Lupin fourrager de printemps implanté pour la récolte 2016 ","LP6 ","","TA ",
"Lupin fourrager de printemps implanté pour la récolte 2017 ","LP7 ","","TA ",
"Lupin fourrager de printemps implanté pour la récolte 2018 ","LP8 ","","TA ",
"Autre lupin fourrager de printemps ","LFP ","","TA ",
"Luzerne implantée pour la récolte 2016 ","LU6 ","","TA ",
"Luzerne implantée pour la récolte 2017 ","LU7 ","","TA ",
"Luzerne implantée pour la récolte 2018 ","LU8 ","","TA ",
"Autre luzerne ","LUZ ","","TA ",
"Mélilot implanté pour la récolte 2016 ","ME6 ","","TA ",
"Mélilot implanté pour la récolte 2017 ","ME7 ","","TA ",
"Mélilot implanté pour la récolte 2018 ","ME8 ","","TA ",
"Autre mélilot ","MEL ","","TA ",
"Pois fourrager d'hiver implanté pour la récolte 2016 ","PH6 ","","TA ",
"Pois fourrager d'hiver implanté pour la récolte 2017 ","PH7 ","","TA ",
"Pois fourrager d'hiver implanté pour la récolte 2018 ","PH8 ","","TA ",
"Autre pois fourrager d'hiver ","PFH ","","TA ",
"Pois fourrager de printemps implanté pour la récolte 2016 ","PP6 ","","TA ",
