"Libellé de la culture ","Code de la culture ","Informations complémentaires à déclarer ","Catégorie de surface agricole ",
"Pois fourrager de printemps implanté pour la récolte 2017 ","PP7 ","","TA ",
"Pois fourrager de printemps implanté pour la récolte 2018 ","PP8 ","","TA ",
"Autre pois fourrager de printemps ","PFP ","","TA ",
"Sainfoin implanté pour la récolte 2016 ","SA6 ","","TA ",
"Sainfoin implanté pour la récolte 2017 ","SA7 ","","TA ",
"Sainfoin implanté pour la récolte 2018 ","SA8 ","","TA ",
"Autre sainfoin ","SAI ","","TA ",
"Serradelle implantée pour la récolte 2016 ","SE6 ","","TA ",
"Serradelle implantée pour la récolte 2017 ","SE7 ","","TA ",
"Serradelle implantée pour la récolte 2018 ","SE8 ","","TA ",
"Autre serradelle ","SER ","","TA ",
"Trèfle implanté pour la récolte 2016 ","TR6 ","","TA ",
"Trèfle implanté pour la récolte 2017 ","TR7 ","","TA ",
"Trèfle implanté pour la récolte 2018 ","TR8 ","","TA ",
"Autre trèfle ","TRE ","","TA ",
"Vesce implantée pour la récolte 2016 ","VE6 ","","TA ",
"Vesce implantée pour la récolte 2017 ","VE7 ","","TA ",
"Vesce implantée pour la récolte 2018 ","VE8 ","","TA ",
"Autre vesce ","VES ","","TA ",
"LÉGUMINEUSES FOURRAGÈRES EN MÉLANGE ","","","",
"Mélange de légumineuses fourragères * implantées pour la récolte 2016 (entre elles) ","ML6 ","","TA ",
"Mélange de légumineuses fourragères * implantées pour la récolte 2017 (entre elles) ","ML7 ","","TA ",
"Mélange de légumineuses fourragères * implantées pour la récolte 2018 (entre elles) ","ML8 ","Déclaration du type ","TA ",
"Mélange de légumineuses fourragères * prépondérantes implantées pour la récolte 2016 et de céréales ","MC6 ","de mélange sur votre exploitation (cf. paragraphe ","TA ",
"Mélange de légumineuses fourragères * prépondérantes implantées pour la récolte 2017 et de céréales et/ou d'oléagineux ","MC7 ","2.1) ","TA ",
"Mélange de légumineuses fourragères * prépondérantes implantées pour la récolte 2018 et de céréales et/ou d'oléagineux ","MC8 ","","TA ",
