"Libellé de la culture ","Code de la culture ","Informations complémentaires à déclarer ","Catégorie de surface agricole ",
"Pistache ","PIS ","","CP ",
"Poire Williams pour transformation ","PWT ","","CP ",
"Prune d'Ente pour transformation ","PRU ","","CP ",
"Autres vergers ","VRG ","Déclaration de la variété implantée (cf. paragraphe 2.18) ","CP ",
"Vigne raisins de cuve en production ","VRC ","","CP ",
"Vigne raisins de table ","VRT ","","CP ",
"Vigne raisins de cuve non en production ","VRN ","","CP ",
"Restructuration du vignoble ","RVI ","","CP ",
