"Libellé de la culture ","Code de la culture ","Informations complémentaires à déclarer ","Catégorie de surface agricole ",
"Melon ","MLO ","","TA ",
"Navet ","NVT ","","TA ",
"Oignon / Echalotte ","OIG ","","TA ",
"Panais ","PAN ","","TA ",
"Pastèque ","PAS ","","TA ",
"Pois (petits pois, pois cassés, pois gourmands) ","PPO ","","TA ",
"Poireau ","POR ","Déclaration de la variété implantée (cf. § 2.17) ","TA ",
"Poivron / Piment ","PVP ","","TA ",
"Pomme de terre de consommation ","PTC ","","TA ",
"Pomme de terre féculière ","PTF ","","TA ",
"Potiron / Potimarron ","POT ","","TA ",
"Radis ","RDI ","","TA ",
"Roquette ","ROQ ","","TA ",
"Rutabaga ","RUT ","","TA ",
"Salsifis ","SFI ","","TA ",
"Tabac ","TAB ","","TA ",
"Tomate ","TOM ","","TA ",
"Tomate pour transformation ","TOT ","","TA ",
"Topinambour ","TOP ","","TA ",
"Autre légume ou fruit annuel ","FLA ","","TA ",
"Autre légume ou fruit pérenne * ","FLP ","","CP ",
