"Libellé de la culture ","Code de la culture ","Informations complémentaires à déclarer ","Catégorie de surface agricole ",
"Ail ","AIL ","Déclaration de la variété implantée (cf. paragraphe 2.4) ","TA ",
"Artichaut ","ART ","Déclaration de la variété implantée (cf. § 2.5) ","CP ",
"Aubergine ","AUB ","","TA ",
"Avocat ","AVO ","","CP ",
"Betterave non fourragère / Bette ","BTN ","","TA ",
"Carotte ","CAR ","Déclaration de la variété implantée (cf. § 2.7) ","TA ",
"Céleri ","CEL ","","TA ",
"Chicorée / Endive / Scarole ","CES ","Déclaration de la variété implantée (cf. § 2.10) ","TA ",
"Chou ","CHU ","Déclaration de la variété implantée (cf. § 2.11) ","TA ",
"Concombre / Cornichon ","CCN ","","TA ",
"Courge musquée/Butternut ","CMB ","","TA ",
"Courgette / Citrouille ","CCT ","","TA ",
"Cresson ","CRS ","Déclaration de la variété implantée (cf. § 2.12) ","TA ",
"Epinard ","EPI ","","TA ",
"Fève ","FEV ","","TA ",
"Fraise ","FRA ","","TA ",
"Haricot / Flageolet ","HAR ","Déclaration de la variété implantée (cf. § 2.13) ","TA ",
"Houblon ","HBL ","","CP ",
"Laitue / Batavia / Feuille de chêne ","LBF ","Déclaration de la variété implantée (cf. § 2.14) ","TA ",
"Mâche ","MAC ","","TA ",
