"","Libellé de la culture ","Code de la culture ","Informations complémentaires à déclarer ","Catégorie de surface agricole ",
"","BORDURES ","","","",
"","Bande admissible le long d'une forêt avec production ","BFP ","Déclaration de la à ","Catégorie de terre de la ",
"","Bande admissible le long d'une forêt sans production ","BFS ","parcelle laquelle la bande se rattache (numéro d'îlot et numéro de parcelle) ","parcelle à laquelle la bande ",
"","Bande tampon ","BTA ","","est rattachée ",
"","Bordure de champ ","BOR ","","",
"","CULTURES CONDUITES EN ","INTERRANGS ","","",
"","Cultures conduites en inter- rangs 2 cultures représentant chacune plus de 25% ","CID ","Déclaration des deux cultures représentant plus de 25% de la surface ","Catégorie de terre ",
"","Cultures conduites en interrangs 3 cultures repré- sentant chacune plus de 25% ","CIT ","Déclaration des trois cultures représentant plus de 25% de la surface ","des cultures déclarées ",
