"Libellé de la culture ","Code de la culture ","Informations complémentaires à déclarer ","Catégorie de surface agricole ",
"Prairie en rotation longue (6 ans ou plus) ","PRL ","","PP ",
"Prairie permanente herbe (ressources fourragères ligneuses absentes ou peu présentes) ","PPH ","La part des éléments non admissibles à prendre en compte ","PP ",
"Surface pastorale herbe prédominante et ressources fourragères ligneuses présentes ","SPH ","pour le calcul de la densité ","PP ",
"Surface pastorale ressources fourragères ligneuses prédominantes (ATTENTION : ces surfaces sont admissibles aux aides du 1er pilier de la PAC uniquement dans les départements 01, 04, 05, 06, 07, 09, 11, 12, 13, 15, 19, 2A, 2B, 23, 24, 26, 30, 31, 32, 34, 38, 42, 43, 46, 47, 48, 63, 64, 65, 66, 69, 73, 74, 81, 82, 83, 84 et 87) ","SPL ","n'est pas renseignée au niveau de la parcelle, mais au niveau de la ZDH (zone de densité homogène) ","PP Roselière ",
