"Libellé de la culture ","Code de la culture ","Informations complémentaires à déclarer ",
"Culture sous abattis ","CUA ","",
"Curcuma ","CUR ","",
"Géranium ","GER ","",
"Horticulture ornementale de plein champ ","HPC ","",
"Horticulture ornementale sous abri ","HSA ","",
"Légume sous abri ","LSA ","",
"Plante à parfum (autre que géranium et vétiver) ","PPF ","",
"Plante aromatique (autre que vanille) ","PAR ","",
"Plante médicinale ","PMD ","",
"Tubercule tropical ","TBT ","",
"Vanille ","VNL ","",
"Vanille sous bois ","VNB ","",
"Vanille verte ","VNV ","",
"Verger (DOM) ","VGD ","Déclaration de la date de plantation (mois et année) ",
"Vétiver ","VET ","",
"Ylang-ylang ","YLA ","",
"Autre culture non précisée dans la liste (admissible) ","ACA ","",
