"","Libellé de la culture ","Code de la culture ","Informations complémentaires à déclarer ","Catégorie de surface agricole ",
"","Bois pâturé (prairie herbacée sous couvert d'arbres) ","BOP ","","PP ",
"","Châtaigneraie entretenue par des porcins ou des petits ruminants (ATTENTION . code mobilisable uniquement en Corse et Petite région des causses cévenols et méridionaux) ","CAE ","La part des éléments non admissibles à prendre en compte pour le calcul de la densité ","PP ",
"","Chênaie entretenue par des porcins ou des petits ruminants (ATTENTION: code mobilisable uniquement en Corse et Petite région des causses cévenols et méridionaux) ","CEE ","n'est pas renseignée au niveau de la parcelle, mais au niveau de la ZDH ","PP ",
"","","ROS ","(zone de densité homogène) ","PP ",
