"Libellé de la culture ","Code de la culture ","Informations complémentaires à déclarer dans la colonne "" Précision " ","Catégorie de surface agricole ","Libellé de la culture ","Code de la culture ","Informations complémentaires à déclarer dans la colonne "" Précision " ","Catégorie de surface agricole ",
"Prairie en rotation longue (6 ans ou plus) ","PRL ","","PP ","Bois pâturé ","BOP ","","PP ",
"Prairie permanente herbe prédominante (ressources fourragères ligneuses absentes ou peu présentes) ","PPH ","Déclaration de la part des éléments non admissible ","PP ","Châtaigneraie entretenue par des porcins ou des petits ruminants ","CAE ","Déclaration de la part des éléments non admissible ","PP ",
"Surface pastorale ressources fourragères ligneuses prédominantes ","SPL ","à prendre en compte pour le calcul du prorata (cf. paragraphe 2.2) ","PP ","Chênaie entretenue par des porcins ou des petits ruminants ","CEE ","à prendre en compte pour le calcul du prorata (cf. paragraphe 2.2) ","PP ",
"Surface pastorale herbe prédominante et ressources fourragères ligneuses présentes ","SPH ","","PP ","Roselière ","ROS ","","PP ",
