"Libellé de la culture ","Code de la culture ","Informations complémentaires à déclarer dans la colonne "" Précision ","Catégorie de surface agricole ",
"Mauve ","MAV ","Déclaration de la variété implantée (cf. paragraphe 2.18) ","TA ",
"Mélisse ","MLI ","","TA ",
"Menthe ","MTH ","","TA ",
"Millepertuis ","MLP ","","TA ",
"Oseille ","OSE ","","TA ",
"Pâquerette ","PAQ ","","TA ",
"Pensée ","PSE ","","TA ",
"Persil ","PSL ","","TA ",
"Plantain psyllium ","PSY ","","TA ",
"Primevère ","PMV ","","TA ",
"Romarin ","ROM ","","TA ",
"Sariette ","SRI ","","TA ",
"Sauge ","SGE ","","TA ",
"Thym ","THY ","","TA ",
"Valériane ","VAL ","","TA ",
"Véronique ","VER ","","TA ",
"Autre PPAM annuelle ","PPA ","","TA ",
"Autre PPAM pérenne * ","PPP ","","CP ",
