"Libellé de la culture ","Code de la culture ","Informations complémentaires à déclarer dans la colonne "" Précision " ","Catégorie de surface agricole ",
"Féverole semée avant le 31/05 ","FVL ","","TA ",
"Féverole semée tardivement (après le 31/05) ","FVT ","","TA ",
"Jarosse déshydratée ","JOD ","","TA ",
"Lupin doux d'hiver ","LDH ","","TA ",
"Lupin doux de printemps semé avant le 31/05 ","LDP ","","TA ",
"Lupin doux de printemps semé tardivement (après le 31/05) ","LDT ","","TA ",
"Luzerne déshydratée ","LUD ","","TA ",
"Mélilot déshydraté ","MED ","","TA ",
"Pois d'hiver ","PHI ","","TA ",
"Pois de printemps semé avant le 31/05 ","PPR ","","TA ",
"Pois de printemps semé tardivement (après le 31/05) ","PPT ","","TA ",
