"Libellé de la culture ","Code de la culture ","Informations complémentaires à déclarer dans la colonne "" Précision " ","Catégorie de surface agricole ",
"Petit fruit rouge * ","PFR ","","CP ",
"Pistache ","PIS ","","CP ",
"Poire Williams pour transformation ","PWT ","","CP ",
"Prune d'Ente pour transformation ","PRU ","","CP ",
"Verger ","VRG ","Déclaration de la variété implantée (cf. paragraphe 2.22) ","CP ",
"Vigne raisins de cuve ","VRC ","","CP ",
"Vigne raisins de table ","VRT ","","CP ",
"Restructuration du vignoble ","RVI ","","CP ",
