"","Libellé de la culture ","Code de la culture ","Informations complémentaires à déclarer dans la colonne "" Précision " ","Catégorie de surface agricole ",
"","Autre pois fourrager de printemps ","PFP ","","TA ",
"","Sainfoin implanté pour la récolte 2015 ","SA5 ","","TA ",
"","Autre sainfoin ","SAI ","","TA ",
"","Serradelle implantée pour la récolte 2015 ","SE5 ","","TA ",
"","Autre serradelle ","SER ","","TA ",
"","Trèfle implanté pour la récolte 2015 ","TR5 ","","TA ",
"","Autre trèfle ","TRE ","","TA ",
"","Vesce implantée pour la récolte 2015 ","VE5 ","","TA ",
"","Autre vesce ","VES ","","TA ",
"","LÉGUMINEUSES FOURRAGÈRES EN MÉLANGE ","","","",
"","Mélange de légumineuses fourragères * implantées pour la récolte 2015 (entre elles) ","ML5 ","","TA ",
"","Mélange de légumineuses fourragères * prépondérantes au semis implantées pour la récolte 2015 et de céréales ","MC5 ","Déclaration du type de mélange sur votre exploitation ","TA ",
"","Mélange de légumineuses fourragères * prépondérantes au semis implantées pour la récolte 2015 et d'herbacées ou de graminées fourragères ","MH5 ","(cf. paragraphe 2.3) ","TA ",
