"Libellé de la culture ","Code de la culture ","Informations complémentaires à déclarer dans la colonne "" Précision " ","Catégorie de surface agricole ",
"Phacélie de 5 ans ou moins ","PCL ","","TA ",
"Ray-grass de 5 ans ou moins ","RGA ","","TA ",
"X-Felium de 5 ans ou moins ","XFE ","","TA ",
"Autre graminée fourragère pure de 5 ans ou moins ","GFP ","","TA ",
"Mélange de légumineuses prépondérantes au semis et de graminées fourragères de 5 ans ou moins ","MLG ","","TA ",
"Autre prairie temporaire de 5 ans ou moins ","PTR ","","TA ",
