"Libellé de la culture ","Code de la culture ","Informations complémentaires à déclarer dans la colonne "" Précision ","Catégorie de surface agricole ",
"Autre céréale d'hiver de genre Avena ","CHA ","","TA ",
"Autre céréale d'hiver de genre Hordeum ","CHH ","","TA ",
"Autre céréale d'hiver de genre Secale ","CHS ","","TA ",
"Autre céréale d'hiver de genre Triticum ","CHT ","","TA ",
"Autre céréale de printemps de genre Avena ","CPA ","","TA ",
"Autre céréale de printemps de genre Hordeum ","CPH ","","TA ",
"Autre céréale de printemps de genre Secale ","CPS ","","TA ",
"Autre céréale de printemps de genre Triticum ","CPT ","","TA ",
"Autre céréale de printemps de genre Zea ","CPZ ","","TA ",
