"Libellé de la culture ","Code de la culture ","Informations complémentaires à déclarer dans la colonne "" Précision ","Catégorie de surface agricole ",
"Ail ","AIL ","Déclaration de la variété implantée (cf. paragraphe 2.6) ","TA ",
"Artichaut ","ART ","Déclaration de la variété implantée (cf. paragraphe 2.7) ","CP ",
"Aubergine ","AUB ","","TA ",
"Avocat ","AVO ","","TA ",
"Betterave non fourragère / Bette ","BTN ","","TA ",
"Carotte ","CAR ","Déclaration de la variété implantée (cf. paragraphe 2.10) ","TA ",
"Céleri ","CEL ","","TA ",
"Chicorée / Endive / Scarole ","CES ","Déclaration de la variété implantée (cf. paragraphe 2.13) ","TA ",
"Chou ","CHU ","Déclaration de la variété implantée (cf. paragraphe 2.14) ","TA ",
"Concombre / Cornichon ","CCN ","","TA ",
"Courge musquée / Butternut ","CMB ","","TA ",
"Courgette / Citrouille ","CCT ","","TA ",
"Cresson ","CRS ","Déclaration de la variété implantée (cf. paragraphe 2.15) ","TA ",
"Epinard ","EPI ","","TA ",
"Fève ","FEV ","","TA ",
"Fraise ","FRA ","","TA ",
"Haricot / Flageolet ","HAR ","Déclaration de la variété implantée (cf. paragraphe 2.16) ","TA ",
"Houblon ","HBL ","","CP ",
"Laitue/Batavia / Feuille de chêne ","LBF ","Déclaration de la variété implantée (cf. paragraphe 2.17) ","TA ",
"Mâche ","MAC ","","TA ",
"Melon ","MLO ","","TA ",
