"Libellé de la culture ","Code de la culture ","Informations complémentaires à déclarer dans la colonne "" Précision ","Catégorie de surface agricole ",
"BORDURES ","","","",
"Bande admissible le long d'une forêt avec production ","BFP ","","Catégorie ",
"Bande admissible le long d'une forêt sans production ","BFS ","Déclaration de la parcelle à laquelle la bande rattache d'îlot ","de terre de la parcelle à ",
"Bande tampon ","BTA ","se (numéro et numéro de parcelle) ","laquelle la bande est ",
"Bordure de champ ","BOR ","","rattachée ",
"CULTURES CONDUITES EN INTERRANGS ","","","",
"Cultures conduites en inter- rangs 2 cultures représentant chacune plus de 25% ","CID ","Déclaration des deux cultures représentant plus de 25% de la surface ","Catégorie de terre des ",
"Cultures conduites en interrangs 3 cultures repré- sentant chacune plus de 25% ","CIT ","Déclaration des trois cultures représentant plus de 25% de la surface ","cultures déclarées ",
