"Libellé de la culture ","Code de la culture ","Informations complémentaires à déclarer dans la colonne "" Précision " ","Catégorie de surface agricole ",
"Autre mélange de plantes fixant l'azote ","MPA ","Déclaration du type de mélange sur votre exploitation (cf. paragraphe 2.3) ","TA ",
"Miscanthus ","MCT ","","CP ",
"Taillis à courte rotation ","TCR ","Déclaration de l'espèce implantée (cf. paragraphe 2.4) ","CP ",
"Truffière (chênaie de plants mycorhizés) ","TRU ","","CP ",
"Surface boisée sur une ancienne terre agricole ","SBO ","Déclaration du type de boisement (cf. paragraphe 2.5) ","",
"Surface agricole temporairement non exploitée ","SNE ","","",
"Surface non agricole non visible sur l'orthophoto ","SNA ","Déclaration de la nature de la surface non agricole (cf. paragraphe 2.1) ","",
"Marais salant ","MRS ","","",
