"Libellé de la culture ","Code de la culture ","Informations complémentaires à déclarer dans la colonne "" Précision " ",
"Culture sous abattis ","CUA ","",
"Curcuma ","CUR ","",
"Horticulture ornementale de plein champ ","HPC ","",
"Horticulture ornementale sous abri ","HSA ","",
"Légume sous abri ","LSA ","",
"Plante à parfum (autre que géranium et vétiver) ","PPF ","",
"Plante aromatique (autre que vanille) ","PAR ","",
"Plante médicinale ","PMD ","",
"Tubercule tropical ","TBT ","",
"Vanille ","VNL ","",
"Vanille sous bois ","VNB ","",
"Vanille verte ","VNV ","",
"Vétiver ","VET ","",
"Ylang-ylang ","YLA ","",
"Autre culture non précisée dans la liste (admissible) ","ACA ","",
