"Libellé de la culture ","Code de la culture ","Informations complémentaires à déclarer dans la colonne "" Précision " ","Catégorie de surface agricole ",
"Cameline ","CML ","","TA ",
"Colza d'hiver ","CZH ","","TA ",
"Colza de printemps ","CZP ","","TA ",
"Lin non textile d'hiver ","LIH ","","TA ",
"Lin non textile de printemps ","LIP ","","TA ",
"Moutarde ","MOT ","","TA ",
"Navette d'été ","NVE ","","TA ",
"Navette d'hiver ","NVH ","","TA ",
"Nyger ","NYG ","","TA ",
"Œillette ","OEI ","","TA ",
