"Libellé de la culture ","Code de la culture ","Informations complémentaires à déclarer dans la colonne "" Précision " ","Catégorie de surface agricole ",
"Autre céréale de genre Phalaris ","CGH ","","TA ",
"Autre céréale de genre Panicum ","CGP ","","TA ",
"Autre céréale de genre Sorghum ","CGO ","","TA ",
"Autre céréale de genre Setaria ","CGS ","","TA ",
"Autre céréale de genre Fagopyrum ","CGF ","","TA ",
"Autre céréale d'un autre genre * ","CAG ","","TA ",
"CÉRÉALES EN MÉLANGE ","","","",
"Mélange de céréales ","MCR ","Déclaration du type de mélange sur votre exploi- tation (cf. paragraphe 2.3) ","TA ",
