"Libellé de la culture ","Code de la culture ","Informations complémentaires à déclarer dans la colonne "" Précision " ","Catégorie de surface agricole ",
"Sainfoin déshydraté ","SAD ","","TA ",
"Serradelle déshydratée ","SED ","","TA ",
"Trèfle déshydraté ","TRD ","","TA ",
"Vesce déshydratée ","VED ","","TA ",
"Autre protéagineux d'un autre genre * ","PAG ","","TA ",
"PROTÉAGINEUX EN MÉLANGE ","","","",
"Mélange de légumineuses déshydratées ** (entre elles) ","MLD ","","TA ",
"Mélange de protéagineux (pois et/ou lupin et/ou féverole) prépondérants semés avant le 31/05 et de céréales ","MPC ","Déclaration du type de mélange sur votre exploitation (cf. paragraphe 2.3) ","TA ",
"Mélange de protéagineux semé tardivement (après le 31/05) ","MPT ","","TA ",
