"Libellé de la culture ","Code de la culture ","Informations complémentaires à déclarer dans la colonne "" Précision " ","Catégorie de surface agricole ",
"Bourrache de 5 ans ou moins ","BRH ","","TA ",
"Brôme de 5 ans ou moins ","BRO ","","TA ",
"Cresson alénois de 5 ans ou moins ","CRA ","","TA ",
"Dactyle de 5 ans ou moins ","DTY ","","TA ",
"Fétuque de 5 ans ou moins ","FET ","","TA ",
"Fléole de 5 ans ou moins ","FLO ","","TA ",
"Paturin commun de 5 ans ou moins ","PAT ","","TA ",
