"Libellé de la culture ","Code de la culture ","Informations complémentaires à déclarer dans la colonne "" Précision " ","Catégorie de surface agricole ",
"Agrume ","AGR ","","CP ",
"Caroube ","CAB ","","CP ",
"Cerise bigarreau pour transformation ","CBT ","","CP ",
"Châtaigne ","CTG ","Déclaration de la variété implantée (cf. paragraphe 2.12) ","CP ",
"Noisette ","NOS ","","CP ",
"Noix ","NOX ","","CP ",
"Oliveraie ","OLI ","Déclaration de la variété implantée (cf. paragraphe 2.19) ","CP ",
"Pêche Pavie pour transformation ","PVT ","","CP ",
"Pépinière ","PEP ","","CP ",
