"Libellé de la culture ","Code de la culture ","Informations complémentaires à déclarer dans la colonne "" Précision " ","Catégorie de surface agricole ",
"Millet ","MLT ","","TA ",
"Moha ","MOH ","","TA ",
"Orge d'hiver ","ORH ","","TA ",
"Orge de printemps ","ORP ","","TA ",
"Riz ","RIZ ","","TA ",
"Sarrasin ","SRS ","","TA ",
"Seigle d'hiver ","SGH ","","TA ",
"Seigle de printemps ","SGP ","","TA ",
"Sorgho ","SOG ","","TA ",
"Triticale d'hiver ","TTH ","","TA ",
"Triticale de printemps ","TTP ","","TA ",
