"Libellé de la culture ","Code de la culture ","Informations complémentaires à déclarer ","Catégorie de surface agricole ",
"Bois pâturé ","BOP ","","PP ",
"Châtaigneraie entretenue par des porcins ou des petits ruminants (ATTENTION code mobi- lisable uniquement en Corse et Petite région des causses cévenols et méridionaux) ","CAE ","La part des éléments non admissibles à prendre en compte pour le calcul de la den- ","PP ",
"Chênaie entretenue par des porcins ou des petits ruminants (ATTENTION code mobili- sable uniquement en Corse et Petite région des causses cévenols et méridionaux) ","CEE ","sité n'est pas renseignée au niveau de la parcelle, mais au niveau de la ZDH (zone de densité homogène) ","PP ",
"Roselière ","ROS ","","PP ",
