"Libellé de la culture ","Code de la culture ","Informations complémentaires à déclarer ","Catégorie de surface agricole ",
"Féverole fourragère implantée pour la récolte 2015 ","FF5 ","","TA ",
"Féverole fourragère implantée pour la récolte 2016 ","FF6 ","","TA ",
"Féverole fourragère implantée pour la récolte 2017 ","FF7 ","","TA ",
"Autre féverole fourragère ","FFO ","","TA ",
"Jarosse implantée pour la récolte 2015 ","J05 ","","TA ",
"Jarosse implantée pour la récolte 2016 ","J06 ","","TA ",
"Jarosse implantée pour la récolte 2017 ","J07 ","","TA ",
"Autre jarosse ","JOS ","","TA ",
"Lupin fourrager d'hiver implanté pour la récolte 2015 ","LH5 ","","TA ",
"Lupin fourrager d'hiver implanté pour la récolte 2016 ","LH6 ","","TA ",
"Lupin fourrager d'hiver implanté pour la récolte 2017 ","LH7 ","","TA ",
"Autre lupin fourrager d'hiver ","LFH ","","TA ",
"Lupin fourrager de printemps implanté pour la récolte 2015 ","LP5 ","","TA ",
"Lupin fourrager de printemps implanté pour la récolte 2016 ","LP6 ","","TA ",
"Lupin fourrager de printemps implanté pour la récolte 2017 ","LP7 ","","TA ",
"Autre lupin fourrager de printemps ","LFP ","","TA ",
"Luzerne implantée pour la récolte 2015 ","LU5 ","","TA ",
"Luzerne implantée pour la récolte 2016 ","LU6 ","","TA ",
"Luzerne implantée pour la récolte 2017 ","LU7 ","","TA ",
"Autre luzerne ","LUZ ","","TA ",
"Mélilot implanté pour la récolte 2015 ","ME5 ","","TA ",
"Mélilot implanté pour la récolte 2016 ","ME6 ","","TA ",
"Mélilot implanté pour la récolte 2017 ","ME7 ","","TA ",
"Autre mélilot ","MEL ","","TA ",
"Pois fourrager d'hiver implanté pour la récolte 2015 ","PH5 ","","TA ",
"Pois fourrager d'hiver implanté pour la récolte 2016 ","PH6 ","","TA ",
"Pois fourrager d'hiver implanté pour la récolte 2017 ","PH7 ","","TA ",
"Autre pois fourrager d'hiver ","PFH ","","TA ",
"Pois fourrager de printemps implanté pour la récolte 2015 ","PP5 ","","TA ",
"Pois fourrager de printemps implanté pour la récolte 2016 ","PP6 ","","TA ",
"Pois fourrager de printemps implanté pour la récolte 2017 ","PP7 ","","TA ",
"Autre pois fourrager de printemps ","PFP ","","TA ",
