"Libellé de la culture ","Code de la culture ","Informations complémentaires à déclarer ","Catégorie de surface agricole ",
"Petit fruit rouge * ","PFR ","","CP ",
"Pistache ","PIS ","","CP ",
"Poire Williams pour transformation ","PWT ","","CP ",
"Prune d'Ente pour transformation ","PRU ","","CP ",
"Verger (fruits non transformés) ","VRG ","Déclaration de la variété implantée (cf. paragraphe 2.18) ","CP ",
"Vigne raisins de cuve ","VRC ","","CP ",
"Vigne raisins de table ","VRT ","","CP ",
"Restructuration du vignoble ","RVI ","","CP ",
