"Libellé de la culture ","Code de la culture ","Informations complémentaires à déclarer ","Catégorie de surface agricole ",
"Serradelle déshydratée ","SED ","","TA ",
"Trèfle déshydraté ","TRD ","","TA ",
"Vesce déshydratée ","VED ","","TA ",
"Autre protéagineux d'un autre genre * ","PAG ","","TA ",
"PROTÉAGINEUX EN MÉLANGE ","","","",
"Mélange de légumineuses déshydratées ** (entre elles) ","MLD ","Déclaration du type ","TA ",
"Mélange de protéagineux prépondérants (pois et/ou lupin et/ou féverole) et de céréales ","MPC ","de mélange sur votre exploitation (cf. paragraphe 2.1) ","TA ",
