"Libellé de la culture ","Code de la culture ","Informations complémentaires à déclarer ","Catégorie de surface agricole ",
"Autre mélange de plantes fixant l'azote ","MPA ","Déclaration du type de mélange sur votre exploitation (cf. paragraphe 2.1) ","TA ",
"Miscanthus ","MCT ","","CP ",
"Culture sous serre hors sol ","CSS ","","",
"Taillis à courte rotation ","TCR ","Déclaration de l'espèce implantée (cf. paragraphe 2.2) ","CP ",
"Truffière (chênaie de plants mycorhizés) ","TRU ","","CP ",
"Surface boisée sur une ancienne terre agricole ","SBO ","Déclaration du type de boisement (cf. paragraphe 2.3) ","",
"Surface agricole temporairement non exploitée ","SNE ","","",
"Marais salant ","MRS ","","",
