"Libellé de la culture ","Code de la culture ","Informations complémentaires à déclarer ","Catégorie de surface agricole ",
"Prairie en rotation longue (6 ans ou plus) ","PRL ","","PP ",
"Prairie permanente herbe prédominante (ressources fourragères ligneuses absentes ou peu présentes) ","PPH ","La part des éléments non admissibles à prendre en compte ","PP ",
"Surface pastorale ressources fourragères ligneuses prédominantes (ATTENTION code mobilisable uniquement dans les départements 04, 05, 06, 07, 09, 11, 12, 13, 15, 2A, 2B, 26, 30, 31, 34, 38, 46, 48, 64, 65, 66, 83 et 84) ","SPL ","pour le calcul de la densité n'est pas renseignée au niveau de la par- celle, mais au niveau de la ZDH (zone de densité homogène) ","PP ",
"Surface pastorale herbe prédominante et ressources fourragères ligneuses présentes ","SPH ","","PP ",
